samaccountname,email
a.alvarez,a.alvarez@age.local
m.castellanos,m.castellanos@age.local
l.mendoza,l.mendoza@age.local
c.ortiz,c.ortiz@age.local
d.nunez,d.nunez@age.local
r.reyes,r.reyes@age.local
s.soto,s.soto@age.local
p.iglesias,p.iglesias@age.local
n.medina,n.medina@age.local
v.vargas,v.vargas@age.local
e.acosta,e.acosta@age.local
t.caballero,t.caballero@age.local
b.arias,b.arias@age.local
j.benito,j.benito@age.local
f.camacho,f.camacho@age.local
g.casanova,g.casanova@age.local
q.espejo,q.espejo@age.local
h.galan,h.galan@age.local
x.guerrero,x.guerrero@age.local
y.luna,y.luna@age.local
u.mas,u.mas@age.local
w.molina,w.molina@age.local
k.murillo,k.murillo@age.local
o.peinado,o.peinado@age.local
z.quintana,z.quintana@age.local
a.rivas,a.rivas@age.local
m.salvador,m.salvador@age.local
l.tello,l.tello@age.local
c.valle,c.valle@age.local
d.zamora,d.zamora@age.local
r.abellan,r.abellan@age.local
s.acevedo,s.acevedo@age.local
p.alcala,p.alcala@age.local
n.almagro,n.almagro@age.local
v.aranda,v.aranda@age.local
e.arce,e.arce@age.local
t.arenas,t.arenas@age.local
b.barbero,b.barbero@age.local
j.beltran,j.beltran@age.local
f.bermejo,f.bermejo@age.local
g.bonilla,g.bonilla@age.local
q.borrego,q.borrego@age.local
h.bosque,h.bosque@age.local
x.bustos,x.bustos@age.local
y.caicedo,y.caicedo@age.local
u.cantero,u.cantero@age.local
w.carbonell,w.carbonell@age.local
k.cazorla,k.cazorla@age.local
o.cebrian,o.cebrian@age.local
z.cervera,z.cervera@age.local
a.chacon,a.chacon@age.local
m.coloma,m.coloma@age.local
l.coronado,l.coronado@age.local
c.cubero,c.cubero@age.local
d.deza,d.deza@age.local
r.donoso,r.donoso@age.local
s.duque,s.duque@age.local
p.elorza,p.elorza@age.local
n.escribano,n.escribano@age.local
v.estevez,v.estevez@age.local
e.fajardo,e.fajardo@age.local
t.fidalgo,t.fidalgo@age.local
b.galindo,b.galindo@age.local
j.gamboa,j.gamboa@age.local
f.giraldo,f.giraldo@age.local
g.godoy,g.godoy@age.local
q.granados,q.granados@age.local
h.guillen,h.guillen@age.local
x.heredia,x.heredia@age.local
y.hermoso,y.hermoso@age.local
u.infante,u.infante@age.local
w.izquierdo,w.izquierdo@age.local
k.jaramillo,k.jaramillo@age.local
o.juarez,o.juarez@age.local
z.lacalle,z.lacalle@age.local
a.lamas,a.lamas@age.local
m.ledesma,m.ledesma@age.local
l.leiva,l.leiva@age.local
c.llorente,c.llorente@age.local
d.luque,d.luque@age.local
r.macias,r.macias@age.local
s.madrazo,s.madrazo@age.local
p.maqueda,p.maqueda@age.local
n.marchena,n.marchena@age.local
v.melero,v.melero@age.local
e.merino,e.merino@age.local
t.moliner,t.moliner@age.local
b.morales,b.morales@age.local
j.naranjo,j.naranjo@age.local
f.oliva,f.oliva@age.local
g.olmedo,g.olmedo@age.local
q.onate,q.onate@age.local
h.padilla,h.padilla@age.local
x.palomares,x.palomares@age.local
y.pedraza,y.pedraza@age.local
u.perales,u.perales@age.local
w.pina,w.pina@age.local
k.portillo,k.portillo@age.local
o.prados,o.prados@age.local
z.puente,z.puente@age.local
a.quiros,a.quiros@age.local
m.rajoy,m.rajoy@age.local
l.reina,l.reina@age.local
c.ribera,c.ribera@age.local
d.rincon,d.rincon@age.local
r.roca,r.roca@age.local
s.rosales,s.rosales@age.local
p.rubio,p.rubio@age.local
n.sampedro,n.sampedro@age.local
v.santana,v.santana@age.local
e.sarabia,e.sarabia@age.local
t.sepulveda,t.sepulveda@age.local
b.silva,b.silva@age.local
j.soria,j.soria@age.local
f.souto,f.souto@age.local
g.suarez,g.suarez@age.local
q.taboada,q.taboada@age.local
h.tovar,h.tovar@age.local
x.trujillo,x.trujillo@age.local
y.ubeda,y.ubeda@age.local
u.urrutia,u.urrutia@age.local
w.valdes,w.valdes@age.local
k.valverde,k.valverde@age.local
o.varela,o.varela@age.local
z.velasco,z.velasco@age.local
a.villalba,a.villalba@age.local
m.villanueva,m.villanueva@age.local
l.zapata,l.zapata@age.local
c.zaragoza,c.zaragoza@age.local
d.zurita,d.zurita@age.local
r.agudo,r.agudo@age.local
s.alameda,s.alameda@age.local
p.alarcon,p.alarcon@age.local
n.alcazar,n.alcazar@age.local
v.alcolea,v.alcolea@age.local
e.aldaya,e.aldaya@age.local
t.alfaro,t.alfaro@age.local
b.amador,b.amador@age.local
j.anguita,j.anguita@age.local
f.anselmo,f.anselmo@age.local
g.aparicio,g.aparicio@age.local
q.ariza,q.ariza@age.local
h.astorga,h.astorga@age.local
x.baena,x.baena@age.local
y.balboa,y.balboa@age.local
u.ballester,u.ballester@age.local
w.barba,w.barba@age.local
k.barcelo,k.barcelo@age.local
o.barragan,o.barragan@age.local
z.bazan,z.bazan@age.local
a.bejar,a.bejar@age.local
m.bernaldo,m.bernaldo@age.local
l.berrocal,l.berrocal@age.local
c.blazquez,c.blazquez@age.local
d.botella,d.botella@age.local
r.brihuega,r.brihuega@age.local
s.buendia,s.buendia@age.local
p.burgos,p.burgos@age.local
n.cabello,n.cabello@age.local
v.cadalso,v.cadalso@age.local
e.cadenas,e.cadenas@age.local
t.calatayud,t.calatayud@age.local
b.calleja,b.calleja@age.local
j.campillo,j.campillo@age.local
f.canales,f.canales@age.local
g.carbajo,g.carbajo@age.local
q.carrion,q.carrion@age.local
h.cascales,h.cascales@age.local
x.castilla,x.castilla@age.local
y.cedillo,y.cedillo@age.local
u.celada,u.celada@age.local
w.cifuentes,w.cifuentes@age.local
k.contreras,k.contreras@age.local
o.corbera,o.corbera@age.local
z.cornejo,z.cornejo@age.local
a.cosio,a.cosio@age.local
m.cuadrado,m.cuadrado@age.local
l.deharo,l.deharo@age.local
c.delmoral,c.delmoral@age.local
d.dorado,d.dorado@age.local
r.elvira,r.elvira@age.local
s.encinas,s.encinas@age.local
p.escudero,p.escudero@age.local
n.esteban,n.esteban@age.local
v.fabregas,v.fabregas@age.local
e.falcon,e.falcon@age.local
t.figueroa,t.figueroa@age.local
b.florido,b.florido@age.local
j.frias,j.frias@age.local
f.gadea,f.gadea@age.local
g.gallardo,g.gallardo@age.local
q.garces,q.garces@age.local
h.gavilan,h.gavilan@age.local
x.giron,x.giron@age.local
y.goicoechea,y.goicoechea@age.local
u.guadarrama,u.guadarrama@age.local
w.herranz,w.herranz@age.local
k.hervas,k.hervas@age.local
o.huertas,o.huertas@age.local
z.ibarra,z.ibarra@age.local
